"District Courts, Panchkula: court-wise VC links"
"Last checked: 10 October 2026. Official list of VC links, Sessions Division Panchkula (September 2026): https://cdnbbsr.s3waas.gov.in/s3ec0238811c5285e34e2e3319ab7d9f2c/uploads/2026/09/2026090155.pdf."

Sr.,Court,Place,Presiding officer,VC coordinator (dealing official),Coordinator mobile,Court email,Google Meet,Source
1,District & Sessions Judge,Panchkula,Sh. Sanjay Sandhir,Sh. Sanjay Gautam,9416307550,dsjpkl2@gmail.com,https://meet.google.com/bdm-arkq-cnd,https://cdnbbsr.s3waas.gov.in/s3ec0238811c5285e34e2e3319ab7d9f2c/uploads/2026/09/2026090155.pdf
2,Addl. District & Sessions Judge,Panchkula,Sh. Bikramjit Singh,Sh. Pankaj,7986870789,adj1.panchkula@gmail.com,https://meet.google.com/zvc-anbg-tai,https://cdnbbsr.s3waas.gov.in/s3ec0238811c5285e34e2e3319ab7d9f2c/uploads/2026/09/2026090155.pdf
3,Addl. District & Sessions Judge,Panchkula,Sh. Amit Sharma-II,Sh. Sushil Kumar,7988001771,adj2.panchkula@gmail.com,https://meet.google.com/pya-uous-uax,https://cdnbbsr.s3waas.gov.in/s3ec0238811c5285e34e2e3319ab7d9f2c/uploads/2026/09/2026090155.pdf
4,Special CBI Judge,Panchkula,Sh. Vijayant Sehgal,Sh. Ashwinder Singh,9464259003,cbiadj.pkl@gmail.com,https://meet.google.com/arh-azmw-upc,https://cdnbbsr.s3waas.gov.in/s3ec0238811c5285e34e2e3319ab7d9f2c/uploads/2026/09/2026090155.pdf
5,Addl. District & Sessions Judge,Panchkula,Sh. Manish Dua,Ms. Bindu,9256147856,adjcourtposco@gmail.com,https://meet.google.com/qqo-hkne-nvt,https://cdnbbsr.s3waas.gov.in/s3ec0238811c5285e34e2e3319ab7d9f2c/uploads/2026/09/2026090155.pdf
6,Addl. District & Sessions Judge,Panchkula,Dr. Himanshu Singh,Sh. Manoj Rana,9316979737,adj3.pkl@gmail.com,https://meet.google.com/zbu-oavj-khy,https://cdnbbsr.s3waas.gov.in/s3ec0238811c5285e34e2e3319ab7d9f2c/uploads/2026/09/2026090155.pdf
7,"Principal Judge, Family Court",Panchkula,Ms. Rekha,Sh. Isham Singh,9814321490,pjfc.pkl@gmail.com,https://meet.google.com/hdc-rtip-mjm,https://cdnbbsr.s3waas.gov.in/s3ec0238811c5285e34e2e3319ab7d9f2c/uploads/2026/09/2026090155.pdf
8,Addl. Chief Judicial Magistrate,Panchkula,Ms. Kirti Vashista,Sh. Naresh Sayal,9463016984,cjsd.pkl@gmail.com,https://meet.google.com/bzi-cqwq-xyg,https://cdnbbsr.s3waas.gov.in/s3ec0238811c5285e34e2e3319ab7d9f2c/uploads/2026/09/2026090155.pdf
9,Chief Judicial Magistrate,Panchkula,Sh. Vinod Kumar,Sh. Sulinder,9306735415,pkl.cjm@gmail.com,https://meet.google.com/tdm-dayz-rfb,https://cdnbbsr.s3waas.gov.in/s3ec0238811c5285e34e2e3319ab7d9f2c/uploads/2026/09/2026090155.pdf
10,Judicial Magistrate 1st Class,Panchkula,Ms. Jyoti Sandhu,Ms. Saroj,8968311230,jmic.pkl@gmail.com,https://meet.google.com/dtu-aevf-fbk,https://cdnbbsr.s3waas.gov.in/s3ec0238811c5285e34e2e3319ab7d9f2c/uploads/2026/09/2026090155.pdf
11,"Special Judicial Magistrate, CBI",Panchkula,Sh. Anil Kumar Yadav,Ms. Vandana,8872099752,cbi1.pkl@gmail.com,https://meet.google.com/ove-wdck-nos,https://cdnbbsr.s3waas.gov.in/s3ec0238811c5285e34e2e3319ab7d9f2c/uploads/2026/09/2026090155.pdf
12,Judicial Magistrate 1st Class,Panchkula,Ms. Manmeet Kaur,Sh. Harminder,9417069205,jmic2.pkl@gmail.com,https://meet.google.com/xtn-yocn-gef,https://cdnbbsr.s3waas.gov.in/s3ec0238811c5285e34e2e3319ab7d9f2c/uploads/2026/09/2026090155.pdf
13,Judicial Magistrate 1st Class,Panchkula,Ms. Arunima Chauhan,Sh. Ashwani,9023751616,jmicpkl15@gmail.com,https://meet.google.com/cbi-kugi-gzh,https://cdnbbsr.s3waas.gov.in/s3ec0238811c5285e34e2e3319ab7d9f2c/uploads/2026/09/2026090155.pdf
14,Judicial Magistrate 1st Class,Panchkula,Ms. Abhidha Gupta,Sh. Anil Kumar,8146699409,jmicpkl16@gmail.com,https://meet.google.com/zug-qpmq-sqf,https://cdnbbsr.s3waas.gov.in/s3ec0238811c5285e34e2e3319ab7d9f2c/uploads/2026/09/2026090155.pdf
15,Sub-Divisional Judicial Magistrate,Kalka,Sh. Abhimanyu Rajput,Sh. Meharbann Singh,8837574814,ecourts-hrpka0@indiancourts.nic.in,https://meet.google.com/vyo-xufk-bvp,https://cdnbbsr.s3waas.gov.in/s3ec0238811c5285e34e2e3319ab7d9f2c/uploads/2026/09/2026090155.pdf
16,Judicial Magistrate 1st Class,Kalka,Ms. Ravneet,Sh. Parvesh Kumar,8708202436,ecourts-hrpka0@indiancourts.nic.in,https://meet.google.com/afs-ajjs-wdt,https://cdnbbsr.s3waas.gov.in/s3ec0238811c5285e34e2e3319ab7d9f2c/uploads/2026/09/2026090155.pdf

Disclaimer: This information has been collected from publicly available official online sources and is updated from those web resources. It is provided for convenience only. Please verify the latest details on the linked official source. Master Legal Work does not accept liability for any change or error in the source information.
