"District Courts, SAS Nagar (Mohali): court-wise VC links"
"Last checked: 10 October 2026. Official list of VC links, Sessions Division SAS Nagar (22 July 2026): https://cdnbbsr.s3waas.gov.in/s3ec0288e1ce84f9feef5a08d0df0334c5/uploads/2026/07/2026072251.pdf."

Sr.,Court,Place,Presiding officer,Reader (dealing official),Reader mobile,Google Meet,Source
1,District & Sessions Judge,SAS Nagar,Sh. Atul Kasana,Sh. Gagandeep,9988881341,https://meet.google.com/mon-vpra-wmj,https://cdnbbsr.s3waas.gov.in/s3ec0288e1ce84f9feef5a08d0df0334c5/uploads/2026/07/2026072251.pdf
2,Addl. District & Sessions Judge,SAS Nagar,Sh. Hardip Singh,Ms. Gurwinder Kaur,9780300457,https://meet.google.com/xdp-hbkb-qme,https://cdnbbsr.s3waas.gov.in/s3ec0288e1ce84f9feef5a08d0df0334c5/uploads/2026/07/2026072251.pdf
3,Addl. District & Sessions Judge,SAS Nagar,Ms. Neetika Verma,Sh. Daljit Singh,9780175816,https://meet.google.com/oxg-mnpm-bnk,https://cdnbbsr.s3waas.gov.in/s3ec0288e1ce84f9feef5a08d0df0334c5/uploads/2026/07/2026072251.pdf
4,Addl. District & Sessions Judge,SAS Nagar,Sh. Vikrant Kumar,Sh. Jasveer Singh,9417792000,https://meet.google.com/rmm-fzds-nzr,https://cdnbbsr.s3waas.gov.in/s3ec0288e1ce84f9feef5a08d0df0334c5/uploads/2026/07/2026072251.pdf
5,Addl. District & Sessions Judge,SAS Nagar,Sh. Prashant Verma,Ms. Paramjit Kaur,8264495677,https://meet.google.com/fty-wktd-hfe,https://cdnbbsr.s3waas.gov.in/s3ec0288e1ce84f9feef5a08d0df0334c5/uploads/2026/07/2026072251.pdf
6,Addl. District & Sessions Judge,SAS Nagar,Sh. Tejpartap Singh Randhawa,Sh. Romil,8054019372,https://meet.google.com/vea-ktbw-cre,https://cdnbbsr.s3waas.gov.in/s3ec0288e1ce84f9feef5a08d0df0334c5/uploads/2026/07/2026072251.pdf
7,Addl. District & Sessions Judge,SAS Nagar,Sh. Rajesh Ahluwalia,Sh. Rajeev Verma,9464722100,https://meet.google.com/cye-ichw-tme,https://cdnbbsr.s3waas.gov.in/s3ec0288e1ce84f9feef5a08d0df0334c5/uploads/2026/07/2026072251.pdf
8,Addl. District & Sessions Judge,SAS Nagar,Ms. Navdeep Kaur Gill,Sh. Harish Kumar,9888715533,https://meet.google.com/mqv-ccyv-soh,https://cdnbbsr.s3waas.gov.in/s3ec0288e1ce84f9feef5a08d0df0334c5/uploads/2026/07/2026072251.pdf
9,Civil Judge (Senior Division),SAS Nagar,Sh. Rupinder Singh,Ms. Manjeet Kaur,9877729209,https://meet.google.com/trc-cugh-agk,https://cdnbbsr.s3waas.gov.in/s3ec0288e1ce84f9feef5a08d0df0334c5/uploads/2026/07/2026072251.pdf
10,Chief Judicial Magistrate,SAS Nagar,Sh. Ravneet Singh,Sh. Jaswinder Singh,9988002655,https://meet.google.com/etp-hbpx-ujt,https://cdnbbsr.s3waas.gov.in/s3ec0288e1ce84f9feef5a08d0df0334c5/uploads/2026/07/2026072251.pdf
11,Addl. Civil Judge (Senior Division),SAS Nagar,Ms. Manpreet Kaur-II,Sh. Pawan Kumar,9780485704,https://meet.google.com/wto-spvt-ueb,https://cdnbbsr.s3waas.gov.in/s3ec0288e1ce84f9feef5a08d0df0334c5/uploads/2026/07/2026072251.pdf
12,Civil Judge (Junior Division),SAS Nagar,Sh. Abhay Rajan Shukhla,Ms. Gurpreet Kaur,7696833494,https://meet.google.com/yrs-hnjq-pbw,https://cdnbbsr.s3waas.gov.in/s3ec0288e1ce84f9feef5a08d0df0334c5/uploads/2026/07/2026072251.pdf
13,Civil Judge (Junior Division),SAS Nagar,Ms. Poonam Kashyap,Sh. Rajesh Randev,9814842296,https://meet.google.com/tsf-achw-iwi,https://cdnbbsr.s3waas.gov.in/s3ec0288e1ce84f9feef5a08d0df0334c5/uploads/2026/07/2026072251.pdf
14,Civil Judge (Junior Division),SAS Nagar,Sh. Kirandeep Singh,Ms. Uma Bawa,9844706622,https://meet.google.com/voh-anvr-vub,https://cdnbbsr.s3waas.gov.in/s3ec0288e1ce84f9feef5a08d0df0334c5/uploads/2026/07/2026072251.pdf
15,Civil Judge (Junior Division),SAS Nagar,Sh. Sangam Kaushal,Sh. Suresh Sharma,9814066887,https://meet.google.com/cgu-jvjk-cfd,https://cdnbbsr.s3waas.gov.in/s3ec0288e1ce84f9feef5a08d0df0334c5/uploads/2026/07/2026072251.pdf
16,Civil Judge (Junior Division),SAS Nagar,Ms. Haramrit Kaur,Sh. Harpreet Singh,9914711059,https://meet.google.com/kqy-iyhb-wju,https://cdnbbsr.s3waas.gov.in/s3ec0288e1ce84f9feef5a08d0df0334c5/uploads/2026/07/2026072251.pdf
17,Civil Judge (Junior Division),SAS Nagar,Sh. Pallav Arora,Ms. Anjali Kaushik,8556955738,https://meet.google.com/pyn-pwxe-gbv,https://cdnbbsr.s3waas.gov.in/s3ec0288e1ce84f9feef5a08d0df0334c5/uploads/2026/07/2026072251.pdf
18,Civil Judge (Junior Division),SAS Nagar,Ms. Sarveesha Sharma,Ms. Deepika Bharti,8054962001,https://meet.google.com/goo-crcd-ocn,https://cdnbbsr.s3waas.gov.in/s3ec0288e1ce84f9feef5a08d0df0334c5/uploads/2026/07/2026072251.pdf
19,Civil Judge (Junior Division),SAS Nagar,Ms. Gurleen Kaur,Ms. Amanpreet Kaur,8872711196,https://meet.google.com/dze-kkzn-gce,https://cdnbbsr.s3waas.gov.in/s3ec0288e1ce84f9feef5a08d0df0334c5/uploads/2026/07/2026072251.pdf
20,Civil Judge (Junior Division),SAS Nagar,Ms. Anu Chaudhary,Ms. Prabhjot Kaur,8725800861,https://meet.google.com/omp-oxcv-ubg,https://cdnbbsr.s3waas.gov.in/s3ec0288e1ce84f9feef5a08d0df0334c5/uploads/2026/07/2026072251.pdf
21,"Principal Judge, Family Court",SAS Nagar (Family Court),Sh. Randhir Verma,Ms. Mandeep Kaur,9814691789,https://meet.google.com/tfk-ydqy-gxu,https://cdnbbsr.s3waas.gov.in/s3ec0288e1ce84f9feef5a08d0df0334c5/uploads/2026/07/2026072251.pdf
22,"Addl. Principal Judge, Family Court",SAS Nagar (Family Court),Sh. Amanpreet Singh,Sh. Deshpaul,9464843445,https://meet.google.com/brc-eovy-qrn,https://cdnbbsr.s3waas.gov.in/s3ec0288e1ce84f9feef5a08d0df0334c5/uploads/2026/07/2026072251.pdf
23,"Special Judge, CBI",SAS Nagar (CBI Courts),Sh. Dinesh Kumar Wadhwa,Sh. Lakhwinder Singh,9876770059,https://meet.google.com/dxw-nfua-afs,https://cdnbbsr.s3waas.gov.in/s3ec0288e1ce84f9feef5a08d0df0334c5/uploads/2026/07/2026072251.pdf
24,Addl. District & Sessions Judge,SAS Nagar (CBI Courts),Sh. Baljinder Singh Sra,Ms. Harjinder Kaur,7529066486,https://meet.google.com/yaj-rpmm-rod,https://cdnbbsr.s3waas.gov.in/s3ec0288e1ce84f9feef5a08d0df0334c5/uploads/2026/07/2026072251.pdf
25,"Special Judicial Magistrate, CBI",SAS Nagar (CBI Courts),Sh. Karanvir Singh Maju,Ms. Sameera Sharma,8699050848,https://meet.google.com/cpc-sfmg-wke,https://cdnbbsr.s3waas.gov.in/s3ec0288e1ce84f9feef5a08d0df0334c5/uploads/2026/07/2026072251.pdf
26,"Addl. Principal Judge, Family Court",Dera Bassi,Sh. Amandpreet Singh,Sh. Desh Paul,9464843445,https://meet.google.com/hkj-wnvv-rbn,https://cdnbbsr.s3waas.gov.in/s3ec0288e1ce84f9feef5a08d0df0334c5/uploads/2026/07/2026072251.pdf
27,Addl. Civil Judge (Senior Division),Dera Bassi,Ms. Navreet Kaur,Sh. Vipan Kumar,9888692626,https://meet.google.com/jts-ocdm-jdf,https://cdnbbsr.s3waas.gov.in/s3ec0288e1ce84f9feef5a08d0df0334c5/uploads/2026/07/2026072251.pdf
28,Civil Judge (Junior Division),Dera Bassi,Ms. Parneet Kaur,Sh. Amarjeet Singh,7307186607,https://meet.google.com/utr-eyik-xsa,https://cdnbbsr.s3waas.gov.in/s3ec0288e1ce84f9feef5a08d0df0334c5/uploads/2026/07/2026072251.pdf
29,Civil Judge (Junior Division),Dera Bassi,Ms. Gurpreet Kaur-IV,Sh. Mithu Bansal,9417494443,https://meet.google.com/pzs-fhpz-ayk,https://cdnbbsr.s3waas.gov.in/s3ec0288e1ce84f9feef5a08d0df0334c5/uploads/2026/07/2026072251.pdf
30,Civil Judge (Junior Division),Dera Bassi,Ms. Nandita,Sh. Rajinder,8146928898,https://meet.google.com/qnv-vvyc-hbf,https://cdnbbsr.s3waas.gov.in/s3ec0288e1ce84f9feef5a08d0df0334c5/uploads/2026/07/2026072251.pdf
31,Civil Judge (Junior Division),Dera Bassi,Ms. Dauphin Ghotra,Sh. Harish Sehgal,9463740332,https://meet.google.com/yyv-tuja-zdz,https://cdnbbsr.s3waas.gov.in/s3ec0288e1ce84f9feef5a08d0df0334c5/uploads/2026/07/2026072251.pdf
32,Civil Judge (Junior Division),Dera Bassi,Ms. Yogita,Ms. Gurpreet Kaur,8146796960,https://meet.google.com/ice-qpfv-otr,https://cdnbbsr.s3waas.gov.in/s3ec0288e1ce84f9feef5a08d0df0334c5/uploads/2026/07/2026072251.pdf
33,Civil Judge (Junior Division),Dera Bassi,Ms. Jasmine-I,Ms. Jaspreet Sidhu,9914589204,https://meet.google.com/fty-repg-mod,https://cdnbbsr.s3waas.gov.in/s3ec0288e1ce84f9feef5a08d0df0334c5/uploads/2026/07/2026072251.pdf
34,Civil Judge (Junior Division),Dera Bassi,Ms. Renika Gera,Sh. Nitin Lamba,9888864620,https://meet.google.com/mpx-mzin-kdj,https://cdnbbsr.s3waas.gov.in/s3ec0288e1ce84f9feef5a08d0df0334c5/uploads/2026/07/2026072251.pdf
35,Civil Judge (Junior Division),Dera Bassi,Ms. Manmeet Kaur,Ms. Gulshan Sharma,9646656659,https://meet.google.com/jdk-ujyb-axn,https://cdnbbsr.s3waas.gov.in/s3ec0288e1ce84f9feef5a08d0df0334c5/uploads/2026/07/2026072251.pdf
36,"Addl. Principal Judge, Family Court",Kharar,Sh. Randhir Verma,Ms. Mandeep Kaur,9814691789,https://meet.google.com/cgj-fxeb-zqp,https://cdnbbsr.s3waas.gov.in/s3ec0288e1ce84f9feef5a08d0df0334c5/uploads/2026/07/2026072251.pdf
37,Addl. Civil Judge (Senior Division),Kharar,Sh. Hasan Deep Singh Bajwa,Ritu Rani,9814850004,https://meet.google.com/oaj-qxva-dns,https://cdnbbsr.s3waas.gov.in/s3ec0288e1ce84f9feef5a08d0df0334c5/uploads/2026/07/2026072251.pdf
38,Civil Judge (Junior Division),Kharar,Sh. Gurmehtab Singh,Manish Jain,8837553614,https://meet.google.com/ctx-jhin-zrq,https://cdnbbsr.s3waas.gov.in/s3ec0288e1ce84f9feef5a08d0df0334c5/uploads/2026/07/2026072251.pdf
39,Civil Judge (Junior Division),Kharar,Sh. Tanveer Singh Madhav,Rajvinder Kaur,988829177 (as printed: 9 digits),https://meet.google.com/xou-yxvt-tbv,https://cdnbbsr.s3waas.gov.in/s3ec0288e1ce84f9feef5a08d0df0334c5/uploads/2026/07/2026072251.pdf
40,Civil Judge (Junior Division),Kharar,Sh. Mandeep Singh Kainth,Jatinder Kumar,9876614787,https://meet.google.com/ckw-dxja-xdx,https://cdnbbsr.s3waas.gov.in/s3ec0288e1ce84f9feef5a08d0df0334c5/uploads/2026/07/2026072251.pdf
41,Civil Judge (Junior Division),Kharar,Ms. Shweta Dass,Rajinder Singh,8146928898,https://meet.google.com/nwb-aptg-fog,https://cdnbbsr.s3waas.gov.in/s3ec0288e1ce84f9feef5a08d0df0334c5/uploads/2026/07/2026072251.pdf
42,Civil Judge (Junior Division),Dera Bassi,Ms. Chahat Chhabra,Sanjeev Kumar Sharma,9815673928,https://meet.google.com/typ-xgjn-byj,https://cdnbbsr.s3waas.gov.in/s3ec0288e1ce84f9feef5a08d0df0334c5/uploads/2026/07/2026072251.pdf
43,Civil Judge (Junior Division),Dera Bassi,Ms. Maitri Kakkar,Rajat Sharma,9888550013,https://meet.google.com/cjy-tggm-jvb,https://cdnbbsr.s3waas.gov.in/s3ec0288e1ce84f9feef5a08d0df0334c5/uploads/2026/07/2026072251.pdf
44,Civil Judge (Junior Division),Dera Bassi,Ms. Prabhjot Kaur Virdi,Sharanjit Kaur,9888232587,https://meet.google.com/jxp-memf-vio,https://cdnbbsr.s3waas.gov.in/s3ec0288e1ce84f9feef5a08d0df0334c5/uploads/2026/07/2026072251.pdf

Disclaimer: This information has been collected from publicly available official online sources and is updated from those web resources. It is provided for convenience only. Please verify the latest details on the linked official source. Master Legal Work does not accept liability for any change or error in the source information.
