"District Courts, Chandigarh: court-wise VC links"
"Last checked: 10 October 2026. Official list of VC links, Sessions Division Chandigarh (September 2026): https://cdnbbsr.s3waas.gov.in/s3ec014db0f8b0fc895da263fd77fc8aec/uploads/2026/09/2026091525.pdf. Zoom details: Drive sheet ""Chandigarh VC Links.xlsx"" (May 2026), matched by the same Google Meet link."

Sr.,Court,Presiding officer,Reader (dealing official),Reader mobile,Court email,Google Meet,"Zoom link (Drive sheet, May 2026)",Zoom Meeting ID,Zoom passcode,Source
1,District & Sessions Judge,Not shown in list,Mewa Singh,84373 33375,dj-chd@phhc.gov.in,https://meet.google.com/gcs-fyyr-cyv,https://us05web.zoom.us/j/4820639583?pwd=uMW6cPX9MU6zvJTbuc619jpvzfEvgQ.1,482 063 9583,Y09GR2,https://cdnbbsr.s3waas.gov.in/s3ec014db0f8b0fc895da263fd77fc8aec/uploads/2026/09/2026091525.pdf
2,Addl. District & Sessions Judge,Ms. Harinder Sidhu,Sanjeev Rathi,79733 46480,adj-chd25@phhc.gov.in,https://meet.google.com/cqu-tccy-npo,,,,https://cdnbbsr.s3waas.gov.in/s3ec014db0f8b0fc895da263fd77fc8aec/uploads/2026/09/2026091525.pdf
3,Addl. District & Sessions Judge,Dr. Harpreet Kaur,Ashok Kumar,78377 14001,adj-chd2@phhc.gov.in,https://meet.google.com/vme-zjdz-suz,,,,https://cdnbbsr.s3waas.gov.in/s3ec014db0f8b0fc895da263fd77fc8aec/uploads/2026/09/2026091525.pdf
4,"Special Judge, CBI Court",Ms. Bhawna Jain,Shashi Bala,99144 62175,adj-chd20@phhc.gov.in,https://meet.google.com/ozu-tfpd-rbq,,,,https://cdnbbsr.s3waas.gov.in/s3ec014db0f8b0fc895da263fd77fc8aec/uploads/2026/09/2026091525.pdf
5,Addl. District & Sessions Judge,Sh. Puneet Mohan Sharma,Reema Gupta,94172 48191,adj-chd4@phhc.gov.in,https://meet.google.com/srd-oozd-pov,https://us05web.zoom.us/j/5024649085?pwd=2b0xybGIWhMwg6av0r3T97zsaIb5Zm.1,502 464 9085,1u9fE1,https://cdnbbsr.s3waas.gov.in/s3ec014db0f8b0fc895da263fd77fc8aec/uploads/2026/09/2026091525.pdf
6,"Addl. District & Sessions Judge (Fast Track Spl. Court, POCSO)",Dr. Yashika,Shyam Lal,85590 92121,adj-chd5@phhc.gov.in,https://meet.google.com/emx-porw-ghn,https://us05web.zoom.us/j/9898205254?pwd=NNXbNt41SGQ2xIni73LBuIbambZWLl.1,989 820 5254,7zxpHP,https://cdnbbsr.s3waas.gov.in/s3ec014db0f8b0fc895da263fd77fc8aec/uploads/2026/09/2026091525.pdf
7,Addl. District & Sessions Judge,Sh. Rohit Watts,Uma Sanwal,98880 52234,adj-chd3@phhc.gov.in,https://meet.google.com/rpp-tzbz-utn,https://us05web.zoom.us/j/8047845874?pwd=BSiDzgYHbGyqFWulXfOV8SfvFZeQ18.1,804 784 5874,0nDC3H,https://cdnbbsr.s3waas.gov.in/s3ec014db0f8b0fc895da263fd77fc8aec/uploads/2026/09/2026091525.pdf
8,"Special Judge, NDPS Court",Sh. Raman Goklaney,Amandeep Kaur,98786 42185,adj-chd26@phhc.gov.in,https://meet.google.com/mqf-cqmb-ave,https://us05web.zoom.us/j/5234670717?pwd=8FvBajthvbLReqtO3UbsdY38rxzh5b.1,523 467 0717,H9yRPy,https://cdnbbsr.s3waas.gov.in/s3ec014db0f8b0fc895da263fd77fc8aec/uploads/2026/09/2026091525.pdf
9,Addl. District & Sessions Judge,Sh. Arvind Kumar,Pankaj Jaidka,96460 02699,adj-chd24@phhc.gov.in,https://meet.google.com/gvo-pvpf-bvx,,,,https://cdnbbsr.s3waas.gov.in/s3ec014db0f8b0fc895da263fd77fc8aec/uploads/2026/09/2026091525.pdf
10,Addl. District & Sessions Judge,Sh. Amit Kumar Grover,Rajni,89681 14898,adj-chd21@phhc.gov.in,https://meet.google.com/igz-udtu-cpb,https://us05web.zoom.us/j/4408003854?pwd=rXPIuhdL9W5ohNH2FR03Nd0DCkcn9L.1,440 800 3854,4QjeG6,https://cdnbbsr.s3waas.gov.in/s3ec014db0f8b0fc895da263fd77fc8aec/uploads/2026/09/2026091525.pdf
11,Chief Judicial Magistrate,Sh. Sachin Yadav,Ajay Bansal,94634 94688,cjmchd-dc@phhc.gov.in,https://meet.google.com/zdf-znyv-fft,https://us05web.zoom.us/j/8989580635?pwd=spZe7W8oIgc1POCdR2QOdps1FjbJ79.1,898 958 0635,U7MmDf,https://cdnbbsr.s3waas.gov.in/s3ec014db0f8b0fc895da263fd77fc8aec/uploads/2026/09/2026091525.pdf
12,Addl. Chief Judicial Magistrate,Ms. Sonali Singh,Neeraj,87279 70896,acjm-chd@phhc.gov.in,https://meet.google.com/btj-fqfe-phb,https://us05web.zoom.us/j/6208161422?pwd=49quK3h8g2u905d6XpsKm832gGL4Uq.1,620 816 1422,g91gU4,https://cdnbbsr.s3waas.gov.in/s3ec014db0f8b0fc895da263fd77fc8aec/uploads/2026/09/2026091525.pdf
13,"Principal Magistrate, Juvenile Justice Board",Sh. Sumit Kalon,Dropati,98558 30463,jmic-chd17@phhc.gov.in,https://meet.google.com/cep-typd-xse,https://us05web.zoom.us/j/2642134715?pwd=SXbumjaLVbZbUU6uQKTlUOwp5WUm51.1,264 213 4715,EXaE3u,https://cdnbbsr.s3waas.gov.in/s3ec014db0f8b0fc895da263fd77fc8aec/uploads/2026/09/2026091525.pdf
14,"Special Magistrate, CBI Court",Ms. Neelam,Vinay Puri,98722 03567,jmic-chd21@phhc.gov.in,https://meet.google.com/pya-yfxw-kdf,,,,https://cdnbbsr.s3waas.gov.in/s3ec014db0f8b0fc895da263fd77fc8aec/uploads/2026/09/2026091525.pdf
15,Judicial Magistrate 1st Class,Sh. Sher Singh,Parveen Kumari,98783 11602,jmic-chd31@phhc.gov.in,https://meet.google.com/irk-pxcv-dcj,,,,https://cdnbbsr.s3waas.gov.in/s3ec014db0f8b0fc895da263fd77fc8aec/uploads/2026/09/2026091525.pdf
16,"Exclusive Court, s.138 N.I. Act",Sh. Jasbeer Singh,Rajni Saini,92178 08182,jmic-chd30@phhc.gov.in,https://meet.google.com/isy-csef-dep,,,,https://cdnbbsr.s3waas.gov.in/s3ec014db0f8b0fc895da263fd77fc8aec/uploads/2026/09/2026091525.pdf
17,Judicial Magistrate 1st Class,Dr. Ambika Sharma,Kulwinder Singh,98159 59867,jmic-chd32@phhc.gov.in,https://meet.google.com/eou-qkfp-adv,https://us05web.zoom.us/j/7475742291?pwd=6sikBpt9RqlofaEVbfOGva3NDsjAot.1,747 574 2291,MqT5nu,https://cdnbbsr.s3waas.gov.in/s3ec014db0f8b0fc895da263fd77fc8aec/uploads/2026/09/2026091525.pdf
18,"Exclusive Court, s.138 N.I. Act",Ms. Divya Sharma,Anju Maini,79868 40979,jmic-chd34@phhc.gov.in,https://meet.google.com/pse-aidq-yvr,,,,https://cdnbbsr.s3waas.gov.in/s3ec014db0f8b0fc895da263fd77fc8aec/uploads/2026/09/2026091525.pdf
19,Judicial Magistrate 1st Class,Ms. Rubina Josan,Sohan Lal,62844 64949,jmic-chd9@phhc.gov.in,https://meet.google.com/hri-qgwv-app,,,,https://cdnbbsr.s3waas.gov.in/s3ec014db0f8b0fc895da263fd77fc8aec/uploads/2026/09/2026091525.pdf
20,Judicial Magistrate 1st Class,Ms. Chinu Sharma,Anil Nanda,97804 01103,jmic-chd11@phhc.gov.in,https://meet.google.com/khs-uxxb-kwd,https://us05web.zoom.us/j/3816725353?pwd=B7F4Mrxfw9r9LoentCHRaifYiJwb43.1,381 672 5353,iZ5SE7,https://cdnbbsr.s3waas.gov.in/s3ec014db0f8b0fc895da263fd77fc8aec/uploads/2026/09/2026091525.pdf
21,Judicial Magistrate 1st Class,Ms. Navneet Kaur,Ritu Singla,98726 25869,jmic-chd8@phhc.gov.in,https://meet.google.com/ifa-wngd-sgy,https://us05web.zoom.us/j/8250712325?pwd=e6aGtDjtuREHkvSyZTsIP494hEW1Ju.1,825 071 2325,Wf0vcu,https://cdnbbsr.s3waas.gov.in/s3ec014db0f8b0fc895da263fd77fc8aec/uploads/2026/09/2026091525.pdf
22,Judicial Magistrate 1st Class,Sh. Kaushal Kumar Yadav,Anoop Kumar,94176 88469,jmic-chd36@phhc.gov.in,https://meet.google.com/yok-pacd-qjy,https://us05web.zoom.us/j/2516917678?pwd=zNRchsohAd6bHmLK41hmoURVV0KVLk.1,251 691 7678,vRscR2,https://cdnbbsr.s3waas.gov.in/s3ec014db0f8b0fc895da263fd77fc8aec/uploads/2026/09/2026091525.pdf
23,Judicial Magistrate 1st Class,Ms. Raminder Kaur,Jasbinder Singh,97795 77949,jmic-chd33@phhc.gov.in,https://meet.google.com/zvk-opji-quy,,,,https://cdnbbsr.s3waas.gov.in/s3ec014db0f8b0fc895da263fd77fc8aec/uploads/2026/09/2026091525.pdf
24,Judicial Magistrate 1st Class,Ms. Navjot Kaur-I,Rajesh Kumar,95012 21973,jmic-chd13@phhc.gov.in,https://meet.google.com/rpy-eqwq-hgo,,,,https://cdnbbsr.s3waas.gov.in/s3ec014db0f8b0fc895da263fd77fc8aec/uploads/2026/09/2026091525.pdf
25,"Exclusive Court, s.138 N.I. Act",Ms. Jaspreet Kaur,Sonia,98728 83366,jmic-chd35@phhc.gov.in,https://meet.google.com/ndd-amzu-mdc,,,,https://cdnbbsr.s3waas.gov.in/s3ec014db0f8b0fc895da263fd77fc8aec/uploads/2026/09/2026091525.pdf
26,"Exclusive Court, s.138 N.I. Act",Ms. Ramandeep Kaur,Lata Gupta,76963 08367,jmic-chd18@phhc.gov.in,https://meet.google.com/izx-bdsf-ofk,,,,https://cdnbbsr.s3waas.gov.in/s3ec014db0f8b0fc895da263fd77fc8aec/uploads/2026/09/2026091525.pdf
27,Judicial Magistrate 1st Class,Sh. Kuldeep Singh,Balwinder Kaur,98552 26066,jmic-chd22@phhc.gov.in,https://meet.google.com/oms-gptb-ojo,,,,https://cdnbbsr.s3waas.gov.in/s3ec014db0f8b0fc895da263fd77fc8aec/uploads/2026/09/2026091525.pdf
28,"Exclusive Court, s.138 N.I. Act",Ms. Bhawna Gera,Surinder Kumar,81469 61210,jmic-chd15@phhc.gov.in,https://meet.google.com/oxe-wdnc-iqk,,,,https://cdnbbsr.s3waas.gov.in/s3ec014db0f8b0fc895da263fd77fc8aec/uploads/2026/09/2026091525.pdf
29,"Exclusive Court, s.138 N.I. Act",Ms. Ritu Tanwar,Rita Kaushik,99888 05534,jmic-chd10@phhc.gov.in,https://meet.google.com/vnd-skae-jtj,https://us05web.zoom.us/j/5558193222?pwd=RmGLTaOIUrwOaRsWnSL6ADAJOgonxN.1,555 819 3222,34pHpr,https://cdnbbsr.s3waas.gov.in/s3ec014db0f8b0fc895da263fd77fc8aec/uploads/2026/09/2026091525.pdf
30,Judicial Magistrate 1st Class,Dr. Prikshit,Bhushan Kumar,94648 94785,jmic-chd14@phhc.gov.in,https://meet.google.com/zcw-cmxc-ffo,,,,https://cdnbbsr.s3waas.gov.in/s3ec014db0f8b0fc895da263fd77fc8aec/uploads/2026/09/2026091525.pdf
31,Computer Branch (VC help desk),Not shown in list,System Officer / System Assistants,85588 90551,,https://meet.google.com/jrc-phen-you,,,,https://cdnbbsr.s3waas.gov.in/s3ec014db0f8b0fc895da263fd77fc8aec/uploads/2026/09/2026091525.pdf

Disclaimer: This information has been collected from publicly available official online sources and is updated from those web resources. It is provided for convenience only. Please verify the latest details on the linked official source. Master Legal Work does not accept liability for any change or error in the source information.
